<?xml version="1.0" encoding="UTF-8"?>
<project-private xmlns="http://www.netbeans.org/ns/project-private/1">
    <editor-bookmarks xmlns="http://www.netbeans.org/ns/editor-bookmarks/2" lastBookmarkId="0"/>
    <open-files xmlns="http://www.netbeans.org/ns/projectui-open-files/2">
        <group>
            <file>file:/C:/Users/Hannah/Documents/NetBeansProjects/Overtime/web/index.xhtml</file>
            <file>file:/C:/Users/Hannah/Documents/NetBeansProjects/Overtime/web/response.xhtml</file>
            <file>file:/C:/Users/Hannah/Documents/NetBeansProjects/Overtime/web/dashboard.xhtml</file>
            <file>file:/C:/Users/Hannah/Documents/NetBeansProjects/Overtime/web/WEB-INF/web.xml</file>
            <file>file:/C:/Users/Hannah/Documents/NetBeansProjects/Overtime/src/java/com/overtime/connection/ConnDb.java</file>
            <file>file:/C:/Users/Hannah/Documents/NetBeansProjects/Overtime/src/java/com/overtime/controller/Request.java</file>
            <file>file:/C:/Users/Hannah/Documents/NetBeansProjects/Overtime/src/java/com/overtime/controller/Home.java</file>
        </group>
    </open-files>
</project-private>
